Track Name,Artist Name,Album Name,Track Duration (ms),Added At,Genre
Say Something,"A Great Big World, Christina Aguilera",Is There Anybody Out There?,229400,2016-12-11T11:48:33Z,"""neo mellow"", ""piano rock"", ""pop"", ""pop rock"", ""post-teen pop"", ""viral pop"""
Sun & Moon,Above & Beyond,Acoustic,288026,2016-11-28T05:40:32Z,"""big room"", ""edm"", ""progressive house"", ""progressive trance"", ""trance"", ""uplifting trance"""
Making Plans,Above & Beyond,Acoustic,262426,2016-11-28T05:45:10Z,"""big room"", ""edm"", ""progressive house"", ""progressive trance"", ""trance"", ""uplifting trance"""
Make You Feel My Love,Adele,19,212040,2017-03-06T01:56:44Z,"""dance pop"", ""pop"", ""post-teen pop"""
The Good in Goodbye,Alexander Wren,The Good in Goodbye - EP,253626,2017-02-26T00:39:57Z,"""folk"""
Airplanes & Terminals - acoustic,"Andrew Garcia, G. Seven, & Traphik, Andrew Garcia, G Seven, Traphik",Airplanes & Terminals,249856,2016-11-28T04:56:08Z,"""idol"""
Now or Never,"ATB, JanSoon",Contact,276119,2016-11-28T05:35:21Z,"""edm"", ""eurodance"", ""german techno"", ""progressive house"", ""progressive trance"", ""trance"", ""uplifting trance"""
I Got You,Bebe Rexha,I Got You,191811,2016-12-14T23:36:38Z,"""dance pop"", ""pop"", ""post-teen pop"", ""tropical house"""
Halo,Beyoncé,I AM...SASHA FIERCE,261640,2016-11-26T22:30:18Z,"""dance pop"", ""pop"", ""pop rap"", ""post-teen pop"", ""r&b"""
Versace On The Floor,Bruno Mars,24K Magic,261240,2016-11-25T21:39:11Z,"""dance pop"", ""pop"", ""pop rap"", ""post-teen pop"""
Treasure,Bruno Mars,Unorthodox Jukebox,178560,2016-11-28T04:56:03Z,"""dance pop"", ""pop"", ""pop rap"", ""post-teen pop"" "
If I Knew,Bruno Mars,Unorthodox Jukebox,132640,2016-12-14T09:13:08Z,"""dance pop"", ""pop"", ""pop rap"", ""post-teen pop"" "
Rhythm Inside,Calum Scott,Rhythm Inside,211716,2017-03-05T22:52:05Z,"""neo mellow"", ""pop"", ""viral pop"""
Does It Feel,Charlie Puth,Nine Track Mind (Deluxe),218666,2016-11-26T22:14:54Z,"""dance pop"", ""pop"", ""post-teen pop"", ""viral pop"""
Dangerously,Charlie Puth,Nine Track Mind (Deluxe),199133,2016-11-26T22:15:06Z,"""dance pop"", ""pop"", ""post-teen pop"", ""viral pop"" "
Losing My Mind,Charlie Puth,Nine Track Mind (Deluxe),212213,2016-11-26T22:27:25Z,"""dance pop"", ""pop"", ""post-teen pop"", ""viral pop"" "
You're Beautiful (Clean Version),Chester See,You're Beautiful (Clean Version),288560,2016-12-14T09:01:02Z,"""channel pop"", ""viral pop"""
3005,Childish Gambino,Because The Internet,234213,2016-11-28T05:21:34Z,"""indie r&b"", ""pop rap"", ""rap"""
Heartbeat,Childish Gambino,Camp,269840,2016-11-28T05:26:06Z,"""indie r&b"", ""pop rap"", ""rap"""
Heartbeat (Ashworth IV Remix),Childish Gambino,Heartbeat (Remix Bundle),311693,2016-11-28T05:31:08Z,"""indie r&b"", ""pop rap"", ""rap"""
Redbone,Childish Gambino,Awaken,326933,2017-01-18T02:13:19Z,"""indie r&b"", ""pop rap"", ""rap"""
She Ain't You,Chris Brown,F.A.M.E. (Deluxe Version),248106,2016-12-19T19:52:24Z,"""dance pop"", ""pop"", ""pop christmas"", ""pop rap"", ""r&b"", ""rap"", ""soul christmas"""
Should've Kissed You,Chris Brown,F.A.M.E. (Deluxe Version),264680,2016-12-19T19:52:53Z,"""dance pop"", ""pop"", ""pop christmas"", ""pop rap"", ""r&b"", ""rap"", ""soul christmas"""
Take You Down,Chris Brown,Exclusive,245933,2016-12-19T19:54:58Z,"""dance pop"", ""pop"", ""pop christmas"", ""pop rap"", ""r&b"", ""rap"", ""soul christmas"""
Beautiful,Christina Aguilera,Stripped,238560,2017-04-03T15:49:53Z,"""dance pop"", ""hip pop"", ""pop"", ""pop christmas"", ""post-teen pop"", ""r&b"", ""urban contemporary"""
A Thousand Years,Christina Perri,A Thousand Years,285120,2016-11-26T22:39:57Z,"""dance pop"", ""neo mellow"", ""pop"", ""pop christmas"", ""pop rock"", ""post-teen pop"", ""viral pop"""
The Mother We Share,CHVRCHES,The Bones Of What You Believe (Special Edition),190160,2016-11-28T04:56:58Z,"""alternative dance"", ""indie pop"", ""indie poptimism"", ""indietronica"", ""metropopolis"", ""modern rock"", ""pop"", ""shimmer pop"", ""shiver pop"", ""synthpop"", ""tropical house"""
Lover's Thing,"Ciara, The Dream",Fantasy Ride,207933,2017-01-15T07:02:44Z,"""dance pop"", ""deep pop r&b"", ""hip pop"", ""neo soul"", ""pop"", ""pop rap"", ""post-teen pop"", ""r&b"", ""southern hip hop"", ""urban contemporary"""
Lovers In Japan,Coldplay,Viva La Vida Or Death And All His Friends,411013,2016-11-28T19:02:48Z,"""permanent wave"", ""pop"", ""pop christmas"""
Arizona,Common Souls,Pyramid Lake,292413,2017-03-05T22:52:37Z,"""downtempo"""
Stereo,Courage My Love,Stereo,196066,2016-12-07T05:57:43Z,"""metropopolis"", ""pixie"", ""pop emo"
Is There Anybody Out There? (feat. Clara C),"DANakaDAN, Clara C",Stuntman,243173,2017-02-26T03:22:29Z,"""hip hop"""
Streetcar,Daniel Caesar,Pilgrim's Paradise,246972,2017-04-02T07:39:24Z,"""deep indie r&b"", ""indie r&b"", ""pop rap"""
Middle,"DJ Snake, Bipolar Sunshine",Encore,220573,2017-02-19T05:15:26Z,"""dance pop"", ""edm"", ""electronic trap"", ""pop"", ""tropical house"""
Let Me Love You,"DJ Snake, Justin Bieber",Encore,205946,2017-01-10T02:47:20Z,"""dance pop"", ""edm"", ""electronic trap"", ""pop"", ""tropical house"""
Marvins Room,Drake,Take Care,347226,2016-11-28T05:01:54Z,"""canadian pop"", ""hip hop"", ""pop rap"", ""rap"""
Fake Love,Drake,Fake Love,207813,2016-12-21T06:21:23Z,"""canadian pop"", ""hip hop"", ""pop rap"", ""rap"""
"Hold On, We're Going Home","Drake, Majid Jordan",Nothing Was The Same,227880,2016-11-28T05:01:39Z,"""canadian pop"", ""hip hop"", ""pop rap"", ""rap"""
One Dance,"Drake, WizKid, Kyla",Views,173986,2016-11-28T04:56:29Z,"""canadian pop"", ""hip hop"", ""pop rap"", ""rap"""
Not Going Home,"DVBBS, CMC$, Gia Koka",Beautiful Disaster,194960,2016-12-11T02:51:25Z,"""big room"", ""brostep"", ""deep big room"", ""edm"", ""electro house"", ""progressive electro house"", ""progressive house"", ""tropical house"""
Over You,"Dyrisk, Flyboy",Over You,192156,2017-10-22T01:23:48Z,"""deep tropical house"", ""tropical house"""
Stranger,Earl of Manila,Stranger,295384,2017-04-14T21:52:54Z,"""r&b"", ""soul"""
Castle on the Hill,Ed Sheeran,Castle on the Hill,261153,2017-01-06T07:42:58Z,"""pop"""
Shape of You,Ed Sheeran,Shape of You,233712,2017-01-06T07:43:06Z,"""pop"""
Photograph,Ed Sheeran,x (Deluxe Edition),258986,2017-01-06T07:43:29Z,"""pop"""
Thinking Out Loud,Ed Sheeran,x (Deluxe Edition),281560,2017-01-06T07:43:30Z,"""pop"""
Burn,Ellie Goulding,Halcyon Days,231211,2017-02-19T05:14:09Z,"""dance pop"", ""metropopolis"", ""neo mellow"", ""pop"", ""post-teen pop"", ""tropical house"""
"Love Me Like You Do - From Fifty Shades Of Grey""""",Ellie Goulding,Delirium (Deluxe),252534,2017-02-19T05:14:32Z,"""dance pop"", ""metropopolis"", ""neo mellow"", ""pop"", ""post-teen pop"", ""tropical house"""
Lights,Ellie Goulding,Halcyon Days,210633,2017-02-19T05:14:57Z,"""dance pop"", ""metropopolis"", ""neo mellow"", ""pop"", ""post-teen pop"", ""tropical house"""
Wait for You,Elliott Yamin,Elliott Yamin,261320,2017-01-15T23:49:11Z,"""dance pop"", ""idol"", ""pop"""
Come Out Your Way,Eric Chou,???,228293,2017-02-27T21:38:27Z,"""c-pop"", ""deep taiwanese pop"", ""mandopop"", ""taiwanese pop"""
Life Goes On,Fergie,Life Goes On,230213,2016-12-07T05:52:29Z,"""dance pop"", ""hip pop"", ""pop"", ""pop rap"", ""post-teen pop"", ""r&b"", ""urban contemporary"""
Big Girls Don't Cry (Personal),Fergie,The Dutchess Deluxe,268120,2016-12-23T12:01:07Z,"""dance pop"", ""hip pop"", ""pop"", ""pop rap"", ""post-teen pop"", ""r&b"", ""urban contemporary"""
Never Be Like You (Martin Solveig Remix) [feat. Kai],"Flume, kai",Never Be Like You (Martin Solveig Remix) [feat. Kai],284160,2017-02-21T10:19:01Z,"""aussietronica"", ""australian alternative rock"", ""australian dance"", ""downtempo"", ""tropical house"""
Iceland (feat. Gavrielle),"Flyboy, Gavrielle",Iceland (feat. Gavrielle),195151,2017-10-22T01:24:03Z,"""deep tropical house"""
Run Away With Me (feat. Radiochaser),"Flyboy, Radiochaser",Run Away With Me (feat. Radiochaser),205423,2017-10-22T01:24:00Z,"""deep tropical house"""
Thinkin Bout You,Frank Ocean,channel ORANGE,200746,2016-11-28T04:55:38Z,"""dance pop"", ""indie r&b"", ""neo soul"", ""pop"", ""pop rap"", ""rap"""
Officially Missing You,Geeks,Officially Missing You,210337,2016-12-09T04:23:04Z,"""k-pop"", ""korean pop"""
Lie to Me,George Nozuka,Believe,221584,2017-01-16T00:38:39Z,"""alternative r&b"", ""canadian pop"""
Landslide (Glee Cast Version featuring Gwyneth Paltrow),Glee Cast,Landslide (Glee Cast Version featuring Gwyneth Paltrow),226760,2016-12-26T10:55:18Z,"""dance pop"", ""pop"", ""pop christmas"", ""post-teen pop"", ""viral pop"""
Left Out,"gnash, Karizma",U,173453,2017-01-15T08:16:25Z,"""pop"", ""post-teen pop"", ""teen pop"", ""viral pop"""
get well soon (feat. liphemra),"gnash, Liphemra",us,199730,2017-01-15T08:25:54Z,"""pop"", ""post-teen pop"", ""teen pop"", ""viral pop"""
rumours (feat. mark johns),"gnash, Mark Johns",us,151109,2017-01-15T08:20:01Z,"""pop"", ""post-teen pop"", ""teen pop"", ""viral pop"""
"i hate u, i love u (feat. olivia o'brien)","gnash, Olivia O'Brien",us,251033,2017-01-15T07:55:15Z,"""pop"", ""post-teen pop"", ""teen pop"", ""viral pop"""
Fifteen - Oxford Remix,"Goldroom, Chela",Majestic Casual - Chapter I,318626,2017-01-22T01:01:34Z,"""alternative dance"", ""chillwave"", ""indie poptimism"", ""indie psych-rock"", ""indietronica"", ""nu disco"", ""shimmer pop"", ""tropical house"", ""vapor soul"""
Sunset,Grayson Gibson,Sunset,214460,2017-03-25T08:15:14Z,"""pop"""
Can't Slow Down,Hedley,Hello,216333,2016-11-26T22:51:26Z,"""canadian pop"", ""pop"", ""pop punk"", ""pop rock"""
Suffocate,J. Holiday,Back Of My Lac',220053,2016-12-10T23:07:50Z,"""alternative r&b"", ""bassline"", ""dance pop"", ""deep pop r&b"", ""hip pop"", ""indie r&b"", ""neo soul"", ""new jack swing"", ""pop"", ""pop rap"", ""quiet storm"", ""r&b"", ""southern hip hop"", ""trap music"", ""urban contemporary"""
Bed,J. Holiday,Back Of My Lac',275106,2016-12-19T19:55:14Z,"""alternative r&b"", ""bassline"", ""dance pop"", ""deep pop r&b"", ""hip pop"", ""indie r&b"", ""neo soul"", ""new jack swing"", ""pop"", ""pop rap"", ""quiet storm"", ""r&b"", ""southern hip hop"", ""trap music"", ""urban contemporary"""
Torn - Bonus Track,James TW,First Impressions,196213,2017-03-06T01:53:39Z,"""channel pop"", ""indie anthem-folk"", ""neo mellow"", ""pop"", ""pop rock"", ""post-teen pop"", ""tropical house"", ""viral pop"""
Best Friend,Jason Chen,Gravity,233000,2016-12-12T00:13:56Z,"""channel pop"", ""post-teen pop"", ""viral pop"""
Impatient,"Jeremih, Ty Dolla $ign",Late Nights: The Album,245520,2017-01-15T06:38:14Z,"""dance pop"", ""dwn trap"", ""indie r&b"", ""pop"", ""pop christmas"", ""pop rap"", ""r&b"", ""rap"", ""southern hip hop"", ""trap music"", ""urban contemporary"""
Lights,Jessame,Lights,206184,2017-04-14T08:49:00Z,"""pop"""
"Flashlight - From Pitch Perfect 2"" Soundtrack""",Jessie J,"Flashlight (From Pitch Perfect 2"" Soundtrack)""",208666,2017-02-19T05:02:51Z,"""dance pop"", ""pop"", ""pop rap"", ""post-teen pop"", ""r&b"", ""viral pop"""
Domino,Jessie J,Who You Are (Platinum Edition),231693,2017-02-19T05:05:21Z,"""dance pop"", ""pop"", ""pop rap"", ""post-teen pop"", ""r&b"", ""viral pop"""
Price Tag,"Jessie J, B.o.B",Who You Are (Platinum Edition),223053,2017-02-19T05:02:50Z,"""dance pop"", ""pop"", ""pop rap"", ""post-teen pop"", ""r&b"", ""viral pop"""
Bed Peace,"Jhene Aiko, Childish Gambino",Sail Out,256079,2016-12-11T09:26:19Z,"""dance pop"", ""deep indie r&b"", ""deep pop r&b"", ""hip pop"", ""indie r&b"", ""pop"", ""pop rap"", ""post-teen pop"", ""r&b"", ""rap"", ""urban contemporary"""
All of Me,John Legend,Love In The Future,269560,2016-11-28T00:40:27Z,"""indie r&b"", ""neo mellow"", ""neo soul"", ""pop"", ""pop christmas"", ""pop rap"", ""r&b"", ""soul christmas"", ""urban contemporary"""
You & I (Nobody in the World),John Legend,Love In The Future (Special Edition),252653,2016-11-28T08:12:18Z,"""indie r&b"", ""neo mellow"", ""neo soul"", ""pop"", ""pop christmas"", ""pop rap"", ""r&b"", ""soul christmas"", ""urban contemporary"""
Love Me Now,John Legend,Love Me Now,210306,2016-12-25T23:16:37Z,"""indie r&b"", ""neo mellow"", ""neo soul"", ""pop"", ""pop christmas"", ""pop rap"", ""r&b"", ""soul christmas"", ""urban contemporary"""
For the First Time,John Legend,Love In The Future,312346,2017-03-26T08:57:28Z,"""indie r&b"", ""neo mellow"", ""neo soul"", ""pop"", ""pop christmas"", ""pop rap"", ""r&b"", ""soul christmas"", ""urban contemporary"""
Overload,"John Legend, Miguel",DARKNESS AND LIGHT,200293,2017-02-21T07:27:59Z,"""indie r&b"", ""neo mellow"", ""neo soul"", ""pop"", ""pop christmas"", ""pop rap"", ""r&b"", ""soul christmas"", ""urban contemporary"""
Like Wine,Jordan Marcotte,Like Wine,191280,2017-04-02T07:08:58Z,"""deep ccm"""
Versace On The Floor,Joseph Vincent,Versace On The Floor,138201,2017-01-13T15:04:46Z,"""channel pop"", ""viral pop"""
Here With Me,Justin Michael Williams,Here With Me,246377,2016-12-06T04:07:03Z,"""pop"""
Energy - Main Final,Keri Hilson,In A Perfect World...,209840,2017-01-15T07:44:59Z,"""dance pop"", ""deep pop r&b"", ""hip pop"", ""indie r&b"", ""neo soul"", ""pop"", ""pop rap"", ""post-teen pop"", ""r&b"", ""southern hip hop"", ""urban contemporary"""
Circles,Kiana Valenciano,Circles,235000,2017-02-19T23:45:14Z,"""dance pop"""
Does She Know,"Kiana Valenciano, Curtismith",Does She Know,231578,2017-02-20T07:13:18Z,"""dance pop"""
JULY,Kris Wu,JULY,186980,2017-10-22T01:24:06Z,"""c-pop"", ""hip hop"", ""r&b"""
It Ain't Me (with Selena Gomez),"Kygo, Selena Gomez",It Ain't Me (with Selena Gomez),220780,2017-02-16T06:15:10Z,"""edm"", ""minimal dub"", ""pop"", ""tropical house"""
Summer of Love (Radio Edit),"Kyler England, Myon & Shane 54",Summer of Love,258750,2016-12-04T07:46:13Z,"""progressive house"", ""progressive trance"", ""trance"", ""uplifting trance"""
Bleeding Love,Leona Lewis,Spirit,262466,2016-11-26T22:29:48Z,"""dance pop"", ""europop"", ""neo mellow"", ""pop"", ""pop christmas"", ""pop rock"", ""post-teen pop"", ""r&b"", ""talent show"", ""urban contemporary"", ""viral pop"""
Better in Time,Leona Lewis,Spirit,234173,2016-11-26T22:29:51Z,"""dance pop"", ""europop"", ""neo mellow"", ""pop"", ""pop christmas"", ""pop rock"", ""post-teen pop"", ""r&b"", ""talent show"", ""urban contemporary"", ""viral pop"""
My Hands,Leona Lewis,Echo,252600,2017-01-24T13:59:56Z,"""dance pop"", ""europop"", ""neo mellow"", ""pop"", ""pop christmas"", ""pop rock"", ""post-teen pop"", ""r&b"", ""talent show"", ""urban contemporary"", ""viral pop"""
Cactus In the Valley (feat Owl City) [Acoustic] - JOHNNYSWIM,Lights,Siberia (Acoustic),202906,2016-11-28T04:56:20Z,"""canadian pop"", ""indie poptimism"", ""indietronica"", ""pop"""
Somewhere Only We Know,Lily Allen,Somewhere Only We Know,208154,2016-12-25T23:17:16Z,"""dance pop"", ""europop"", ""folk-pop"", ""pop"", ""pop rock"", ""post-teen pop"""
You're Not There,Lukas Graham,Lukas Graham,202893,2017-01-18T05:56:45Z,"""pop"""
What Happened To Perfect,Lukas Graham,Lukas Graham,236853,2017-01-18T08:29:01Z,"""pop"""
Someone Like You,Mac Miller,Watching Movies with the Sound Off,261797,2016-12-19T10:39:48Z,"""hip hop"", ""pop rap"", ""rap"", ""southern hip hop"", ""trap music"", ""underground hip hop"""
Cinderella (feat. Ty Dolla $ign),"Mac Miller, Ty Dolla $ign",The Divine Feminine,480186,2016-12-19T10:39:52Z,"""hip hop"", ""pop rap"", ""rap"", ""southern hip hop"", ""trap music"", ""underground hip hop"""
La Lune,"Madeon, Dan Smith",Adventure (Deluxe),219840,2017-01-11T02:24:28Z,"""alternative dance"", ""big room"", ""brostep"", ""catstep"", ""complextro"", ""edm"", ""electro house"", ""electronic trap"", ""filter house"", ""indietronica"", ""progressive electro house"", ""tropical house"""
Pay No Mind,"Madeon, Passion Pit",Adventure (Deluxe),249440,2017-01-11T02:24:24Z,"""alternative dance"", ""big room"", ""brostep"", ""catstep"", ""complextro"", ""edm"", ""electro house"", ""electronic trap"", ""filter house"", ""indietronica"", ""progressive electro house"", ""tropical house"""
Who Do You Love,Marianas Trench,Astoria,232099,2016-12-07T06:00:24Z,"""emo"", ""modern rock"", ""pixie"", ""pop"", ""pop emo"", ""pop punk"", ""post-teen pop"", ""viral pop"""
One Love,Marianas Trench,Astoria,241452,2016-12-07T06:51:31Z,"""emo"", ""modern rock"", ""pixie"", ""pop"", ""pop emo"", ""pop punk"", ""post-teen pop"", ""viral pop"""
Forget Me Not,Marianas Trench,Astoria,228276,2016-12-07T06:55:12Z,"""emo"", ""modern rock"", ""pixie"", ""pop"", ""pop emo"", ""pop punk"", ""post-teen pop"", ""viral pop"""
One Night,Matthew Koma,One Night,213733,2016-12-04T07:46:22Z,"""pop"", ""dance pop"""
Lights Down Low,MAX,Lights Down Low - EP,224386,2016-11-25T22:21:51Z,"""pop"", ""post-teen pop"", ""teen pop"", ""viral pop"""
When You Loved Me Least,Michl,Michl,216906,2016-12-28T03:36:49Z,"""indie poptimism"", ""vapor soul"""
Die Trying,Michl,Michl,208214,2016-12-28T03:36:57Z,"""indie poptimism"", ""vapor soul"""
Broken Roots,Michl,Michl,226000,2016-12-28T03:37:05Z,"""indie poptimism"", ""vapor soul"""
Tell Me the Same,Michl,Michl,238000,2016-12-28T03:37:12Z,"""indie poptimism"", ""vapor soul"""
Kill Our Way to Heaven,Michl,Michl,234929,2016-12-28T03:38:05Z,"""indie poptimism"", ""vapor soul"""
Sure Thing,Miguel,All I Want Is You,195373,2016-12-11T09:31:20Z,"""dance pop"", ""hip hop"", ""hip pop"", ""indie r&b"", ""pop"", ""pop rap"", ""r&b"", ""rap"", ""southern hip hop"", ""trap music"", ""urban contemporary"""
I Took A Pill In Ibiza,Mike Posner,"At Night, Alone.",280800,2016-12-14T07:47:56Z,"""dance pop"", ""edm"", ""pop"", ""pop rap"", ""post-teen pop"", ""tropical house"""
Not That Simple,Mike Posner,"At Night, Alone.",234106,2016-12-14T07:47:59Z,"""dance pop"", ""edm"", ""pop"", ""pop rap"", ""post-teen pop"", ""tropical house"""
Buried In Detroit,Mike Posner,"At Night, Alone.",246413,2016-12-14T08:58:25Z,"""dance pop"", ""edm"", ""pop"", ""pop rap"", ""post-teen pop"", ""tropical house"""
Silence,"Mike Posner, Labrinth","At Night, Alone.",255933,2016-12-14T07:54:05Z,"""dance pop"", ""edm"", ""pop"", ""pop rap"", ""post-teen pop"", ""tropical house"""
Salvage,MTNS,Salvage,193984,2016-11-28T18:59:05Z,"""aussietronica"""
Sexual,"NEIKED, Dyo",Sexual,188888,2017-02-23T10:41:37Z,"""house"", ""pop"", ""tropical house"""
Peaches,New Heights,New Heights EP,241573,2016-11-28T04:54:51Z,"""alternative pop rock"""
Jealous - Remix,"Nick Jonas, Tinashe",Nick Jonas X2,222186,2016-12-21T08:43:20Z,"""dance pop"", ""pop"", ""pop christmas"", ""post-teen pop"", ""tropical house"", ""viral pop"""
Close,"Nick Jonas, Tove Lo",Last Year Was Complicated,234213,2016-12-21T08:38:36Z,"""dance pop"", ""pop"", ""pop christmas"", ""post-teen pop"", ""tropical house"", ""viral pop"""
Heartache,ONE OK ROCK,35xxxv (Deluxe Edition),265213,2016-11-26T22:47:23Z,"""anime"", ""j-metal"", ""j-pop"", ""j-rock"", ""otacore"""
All Mine,ONE OK ROCK,JINSEI KAKETE BOKU WA,276480,2016-11-26T22:47:36Z,"""anime"", ""j-metal"", ""j-pop"", ""j-rock"", ""otacore"""
Wherever you are,ONE OK ROCK,Niche Syndrome,295600,2016-11-28T23:45:12Z,"""anime"", ""j-metal"", ""j-pop"", ""j-rock"", ""otacore"""
Last Dance,ONE OK ROCK,35xxxv (Deluxe Edition),229586,2016-11-29T07:56:08Z,"""anime"", ""j-metal"", ""j-pop"", ""j-rock"", ""otacore"""
the same as...,ONE OK ROCK,JINSEI KAKETE BOKU WA,276640,2016-11-29T07:56:26Z,"""anime"", ""j-metal"", ""j-pop"", ""j-rock"", ""otacore"""
C.h.a.o.s.m.y.t.h.,ONE OK ROCK,Zanky? Reference,318426,2017-02-15T16:25:10Z,"""anime"", ""j-metal"", ""j-pop"", ""j-rock"", ""otacore"""
Take What You Want (feat. 5 Seconds of Summer),"ONE OK ROCK, 5 Seconds of Summer",Ambitions,243333,2017-02-12T03:33:09Z,"""anime"", ""j-metal"", ""j-pop"", ""j-rock"", ""otacore"""
Kids,OneRepublic,Oh My My,238386,2016-12-14T06:04:40Z,"""dance pop"", ""piano rock"", ""pop"", ""pop christmas"", ""pop rock"""
Let Her Go,Passenger,All The Little Lights,252866,2016-12-25T23:17:27Z,"""indie folk"", ""neo mellow"", ""pop"""
Lifted Up (1985),Passion Pit,Kindred,263293,2016-12-04T07:45:59Z,"""alternative dance"", ""folk-pop"", ""indie pop"", ""indie rock"", ""indietronica"", ""modern rock"", ""new rave"", ""shimmer pop"", ""synthpop"""
We Should Be Together,Pia Mia,We Should Be Together,224440,2016-12-20T00:59:45Z,"""dance pop"", ""deep pop r&b"", ""pop"", ""post-teen pop"", ""r&b"", ""teen pop"", ""tropical house"", ""viral pop"""
Shelter,"Porter Robinson, Madeon",Shelter,218964,2016-11-27T19:13:28Z,"""big room"", ""brostep"", ""catstep"", ""complextro"", ""edm"", ""electro house"", ""electronic trap"", ""progressive electro house"", ""tropical house"""
Shed a Light,"Robin Schulz, David Guetta, Cheat Codes",Shed A Light,191379,2017-01-10T20:29:37Z,"""deep euro house"", ""deep house"", ""edm"", ""pop"", ""tropical house"""
Latch - Acoustic,Sam Smith,In The Lonely Hour (Drowning Shadows Edition),223429,2016-11-28T00:39:21Z,"""dance pop"", ""pop"""
Restart,Sam Smith,In The Lonely Hour (Drowning Shadows Edition),232779,2016-11-28T00:39:49Z,"""dance pop"", ""pop"""
Lay Me Down,Sam Smith,In The Lonely Hour (Drowning Shadows Edition),253208,2016-11-28T00:39:52Z,"""dance pop"", ""pop"""
I'm Not The Only One,Sam Smith,In The Lonely Hour (Drowning Shadows Edition),239316,2016-11-28T00:39:56Z,"""dance pop"", ""pop"""
Nirvana,Sam Smith,In The Lonely Hour (Drowning Shadows Edition),202268,2016-11-28T00:40:10Z,"""dance pop"", ""pop"""
Lay Me Down,"Sam Smith, John Legend",In The Lonely Hour (Drowning Shadows Edition),219535,2016-11-28T00:39:18Z,"""dance pop"", ""pop"""
Gravity,Sara Bareilles,Little Voice,232760,2016-11-26T22:30:04Z,"""acoustic pop"", ""dance pop"", ""folk christmas"", ""folk-pop"", ""lilith"", ""neo mellow"", ""pop"", ""pop christmas"", ""pop rock"", ""post-teen pop"", ""singer-songwriter"", ""viral pop"""
Love Song,Sara Bareilles,Little Voice,258826,2016-12-21T10:59:19Z,"""acoustic pop"", ""dance pop"", ""folk christmas"", ""folk-pop"", ""lilith"", ""neo mellow"", ""pop"", ""pop christmas"", ""pop rock"", ""post-teen pop"", ""singer-songwriter"", ""viral pop"""
Sober,Selena Gomez,Revival,194826,2016-12-10T22:46:26Z,"""dance pop"", ""pop"", ""post-teen pop"""
Lay Me Down in Paper Hearts,SoCal VoCals,VoCabulary,245333,2017-02-27T22:47:34Z,"""a cappella"", ""college a cappella"""
Ride,SoMo,SoMo,289133,2016-11-28T10:42:07Z,"""dance pop"", ""deep pop r&b"", ""pop"", ""pop rap"", ""post-teen pop"", ""r&b"", ""teen pop"", ""urban contemporary"""
I Know You Like Me,Sound,I Know You Like Me,267233,2017-02-19T23:54:11Z,"""pop"""
Call On Me - Ryan Riback Extended Remix,"Starley, Ryan Riback",Call On Me (Remixes),222040,2017-01-10T20:17:11Z,"""tropical house"""
Chasing the Rain,Tenderfoot,Beginnings EP,264900,2017-04-14T08:29:27Z,"""pop"""
Somebody Else,The 1975,"I like it when you sleep, for you are so beautiful yet so unaware of it",347520,2016-11-28T01:19:56Z,"""modern rock"", ""nu gaze"", ""pop"", ""shiver pop"""
The Sound,The 1975,"I like it when you sleep, for you are so beautiful yet so unaware of it",248880,2016-11-28T01:20:01Z,"""modern rock"", ""nu gaze"", ""pop"", ""shiver pop"""
Chocolate,The 1975,The 1975,224640,2016-12-11T22:08:31Z,"""modern rock"", ""nu gaze"", ""pop"", ""shiver pop"""
Settle Down,The 1975,The 1975,239853,2016-12-11T22:08:42Z,"""modern rock"", ""nu gaze"", ""pop"", ""shiver pop"""
Robbers,The 1975,The 1975,254493,2016-12-11T22:08:45Z,"""modern rock"", ""nu gaze"", ""pop"", ""shiver pop"""
Girls,The 1975,The 1975,254600,2016-12-11T22:08:49Z,"""modern rock"", ""nu gaze"", ""pop"", ""shiver pop"""
Pressure,The 1975,The 1975,221373,2016-12-11T22:08:59Z,"""modern rock"", ""nu gaze"", ""pop"", ""shiver pop"""
The City,The 1975,The 1975,206893,2016-12-11T22:09:12Z,"""modern rock"", ""nu gaze"", ""pop"", ""shiver pop"""
Paris,The Chainsmokers,Paris,221520,2017-01-15T17:20:43Z,"""edm"", ""pop"", ""tropical house"""
Something Just Like This,"The Chainsmokers, Coldplay",Something Just Like This,247626,2017-02-23T06:47:22Z,"""edm"", ""pop"", ""tropical house"""
Mr. Brightside,The Killers,Hot Fuss,222586,2016-12-15T01:22:45Z,"""alternative rock"", ""indie christmas"", ""indie pop"", ""indie rock"", ""modern rock"", ""permanent wave"", ""pop christmas"", ""rock"", ""vegas indie"""
What Ever Happened?,The Strokes,Room On Fire,169506,2016-12-15T01:23:03Z,"""alternative rock"", ""blues-rock"", ""garage rock"", ""indie pop"", ""indie rock"", ""modern rock"", ""permanent wave"", ""rock"""
Can't Feel My Face,The Weeknd,Beauty Behind The Madness,213520,2016-11-29T03:49:37Z,"""canadian pop"", ""pop"", ""rap"""
In The Night,The Weeknd,Beauty Behind The Madness,235653,2016-12-11T09:38:57Z,"""canadian pop"", ""pop"", ""rap"""
House Of Balloons / Glass Table Girls,The Weeknd,Trilogy,405213,2016-12-11T09:39:08Z,"""canadian pop"", ""pop"", ""rap"""
The Morning,The Weeknd,Trilogy,312426,2016-12-11T09:39:11Z,"""canadian pop"", ""pop"", ""rap"""
Wicked Games,The Weeknd,Trilogy,323746,2016-12-11T09:39:14Z,"""canadian pop"", ""pop"", ""rap"""
High For This,The Weeknd,Trilogy,247226,2016-12-11T09:39:23Z,"""canadian pop"", ""pop"", ""rap"""
Ordinary Life,The Weeknd,Starboy,221920,2017-01-04T21:21:33Z,"""canadian pop"", ""pop"", ""rap"""
Love To Lay,The Weeknd,Starboy,223293,2017-01-04T21:21:34Z,"""canadian pop"", ""pop"", ""rap"""
On Hold,The xx,On Hold,224133,2016-11-29T22:33:46Z,"""alternative dance"", ""downtempo"", ""dream pop"", ""indietronica"", ""synthpop"""
City Of Angels,Thirty Seconds To Mars,LOVE LUST FAITH + DREAMS,302040,2016-12-26T01:20:32Z,"""alternative metal"", ""modern rock"", ""nu metal"", ""pop punk"", ""post-grunge"""
We Don't Talk Anymore,Travis Atreo,We Don't Talk Anymore,198300,2016-11-26T22:38:51Z,"""channel pop"", ""neo mellow"", ""post-teen pop"", ""viral pop"""
Heartbreaker,Travis Atreo,Heartbreaker,252969,2017-02-21T11:02:52Z,"""channel pop"", ""neo mellow"", ""post-teen pop"", ""viral pop"""
Simply Amazing,Trey Songz,Chapter V (Deluxe),239866,2016-12-09T05:53:16Z,"""dance pop"", ""dwn trap"", ""indie r&b"", ""pop"", ""pop christmas"", ""pop rap"", ""r&b"", ""southern hip hop"", ""trap music"", ""urban contemporary"""
Neighbors Know My Name,Trey Songz,Ready (Deluxe),186306,2016-12-09T06:25:36Z,"""dance pop"", ""dwn trap"", ""indie r&b"", ""pop"", ""pop christmas"", ""pop rap"", ""r&b"", ""southern hip hop"", ""trap music"", ""urban contemporary"""
Find Me,Virginia To Vegas,Utopian,195880,2016-12-07T05:32:45Z,"""indie pop"", ""dance pop"""
Sad Song,"We The Kings, Elena Coats",So Far,226511,2017-02-19T23:50:49Z,"""emo"", ""modern rock"", ""neo mellow"", ""piano rock"", ""pop"", ""pop emo"", ""pop punk"", ""pop rock"", ""post-teen pop"", ""teen pop"", ""viral pop"""
Eyes Nose Lips,"Z.Woods, David So",Eyes Nose Lips,235776,2017-02-17T05:13:53Z,"""deep pop r&b"""
I Don’t Wanna Live Forever (Fifty Shades Darker),"ZAYN, Taylor Swift",I Don’t Wanna Live Forever (Fifty Shades Darker),245200,2016-12-19T19:51:19Z,"""dance pop"", ""pop"", ""post-teen pop"", ""tropical house"""
